[
  {
    "id": "f2a64524-4e8a-448d-a6fc-a1f78e68ec42",
    "data": [
      {
        "text": "show",
        "userDefined": false
      }
    ],
    "isTemplate": false,
    "count": 0,
    "updated": 0
  },
  {
    "id": "f56e17ec-4876-49aa-bf86-754a0c282a3f",
    "data": [
      {
        "text": "show my data",
        "userDefined": false
      }
    ],
    "isTemplate": false,
    "count": 0,
    "updated": 0
  },
  {
    "id": "46b254bc-33c2-4c0d-bccd-3dff8cde894b",
    "data": [
      {
        "text": "what have I filled",
        "userDefined": false
      }
    ],
    "isTemplate": false,
    "count": 0,
    "updated": 0
  },
  {
    "id": "867f03f0-a83e-47b4-8c29-8cc2cc8f408e",
    "data": [
      {
        "text": "show me what I\u0027ve filled",
        "userDefined": false
      }
    ],
    "isTemplate": false,
    "count": 0,
    "updated": 0
  },
  {
    "id": "d3198f2e-3ae1-4c6b-ae06-21947d5d86c7",
    "data": [
      {
        "text": "show me the info",
        "userDefined": false
      }
    ],
    "isTemplate": false,
    "count": 0,
    "updated": 0
  }
]