[
  {
    "id": "773b0298-76cb-4843-be66-d89c35d6eb07",
    "data": [
      {
        "text": "DOB ",
        "userDefined": false
      },
      {
        "text": "13-10-93",
        "alias": "date",
        "meta": "@sys.date",
        "userDefined": false
      }
    ],
    "isTemplate": false,
    "count": 0,
    "updated": 0
  },
  {
    "id": "10bc0418-8627-490d-9ccb-70442e2aab2b",
    "data": [
      {
        "text": "date of birth ",
        "userDefined": false
      },
      {
        "text": "14-12-95",
        "alias": "date",
        "meta": "@sys.date",
        "userDefined": false
      }
    ],
    "isTemplate": false,
    "count": 0,
    "updated": 0
  },
  {
    "id": "66f3759e-eeb7-446a-8bef-3473130cc31b",
    "data": [
      {
        "text": "dob ",
        "userDefined": false
      },
      {
        "text": "14-12-1994",
        "alias": "date",
        "meta": "@sys.date",
        "userDefined": false
      }
    ],
    "isTemplate": false,
    "count": 0,
    "updated": 0
  }
]