[
  {
    "id": "0a3304d7-cc7a-4888-9a5b-32449eb8abf4",
    "data": [
      {
        "text": "mail ",
        "userDefined": false
      },
      {
        "text": "vishaag@gmail.com",
        "alias": "email",
        "meta": "@sys.email",
        "userDefined": true
      }
    ],
    "isTemplate": false,
    "count": 0,
    "updated": 0
  },
  {
    "id": "aeb996ec-dc74-408f-86c5-854b6ad01f01",
    "data": [
      {
        "text": "mail-id ",
        "userDefined": false
      },
      {
        "text": "vishaag@gmail.com",
        "alias": "email",
        "meta": "@sys.email",
        "userDefined": true
      }
    ],
    "isTemplate": false,
    "count": 0,
    "updated": 0
  },
  {
    "id": "2eb68d1a-1663-46b9-b61a-356fbc136fc3",
    "data": [
      {
        "text": "mail id ",
        "userDefined": false
      },
      {
        "text": "vishaag@gmail.com",
        "alias": "email",
        "meta": "@sys.email",
        "userDefined": true
      }
    ],
    "isTemplate": false,
    "count": 0,
    "updated": 0
  },
  {
    "id": "c903cba7-6c93-4692-8e47-656a5b635541",
    "data": [
      {
        "text": "e-mail ",
        "userDefined": false
      },
      {
        "text": "vishaag@gmail.com",
        "alias": "email",
        "meta": "@sys.email",
        "userDefined": true
      }
    ],
    "isTemplate": false,
    "count": 0,
    "updated": 0
  },
  {
    "id": "2e68f667-2e5c-40d9-9fd5-c036cf2df493",
    "data": [
      {
        "text": "email ",
        "userDefined": false
      },
      {
        "text": "vishaag@gmail.com",
        "alias": "email",
        "meta": "@sys.email",
        "userDefined": true
      }
    ],
    "isTemplate": false,
    "count": 0,
    "updated": 0
  }
]