[
  {
    "id": "a061a5ac-0647-4df4-9cb4-3b9ca425d593",
    "data": [
      {
        "text": "the name is ",
        "userDefined": false
      },
      {
        "text": "andrew",
        "alias": "person",
        "meta": "@sys.person",
        "userDefined": false
      }
    ],
    "isTemplate": false,
    "count": 0,
    "updated": 0
  },
  {
    "id": "d3f0aeab-34a0-4c4f-8217-04820762deaa",
    "data": [
      {
        "text": "my name is ",
        "userDefined": false
      },
      {
        "text": "andrew",
        "alias": "person",
        "meta": "@sys.person",
        "userDefined": false
      }
    ],
    "isTemplate": false,
    "count": 0,
    "updated": 0
  },
  {
    "id": "5560db5f-f470-46d4-a9b7-c2fca958eee8",
    "data": [
      {
        "text": "name ",
        "userDefined": false
      },
      {
        "text": "andrew",
        "alias": "person",
        "meta": "@sys.person",
        "userDefined": false
      }
    ],
    "isTemplate": false,
    "count": 0,
    "updated": 0
  },
  {
    "id": "98754639-abaa-45ad-b74b-318c6dbd06fa",
    "data": [
      {
        "text": "name - ",
        "userDefined": false
      },
      {
        "text": "andrew",
        "alias": "person",
        "meta": "@sys.person",
        "userDefined": false
      }
    ],
    "isTemplate": false,
    "count": 0,
    "updated": 0
  },
  {
    "id": "4fafcc49-26d5-47ac-81a3-6ff974211762",
    "data": [
      {
        "text": "name: ",
        "userDefined": false
      },
      {
        "text": "andrew",
        "alias": "person",
        "meta": "@sys.person",
        "userDefined": false
      }
    ],
    "isTemplate": false,
    "count": 0,
    "updated": 0
  }
]