[
  {
    "id": "dc9bcf18-35b1-42c5-b5fb-af5e30ad60c7",
    "data": [
      {
        "text": "nric issue date ",
        "userDefined": false
      },
      {
        "text": "13/10/2019",
        "alias": "date",
        "meta": "@sys.date",
        "userDefined": false
      }
    ],
    "isTemplate": false,
    "count": 0,
    "updated": 0
  },
  {
    "id": "c19b958f-c57a-4034-9a1d-94bdf9ab8737",
    "data": [
      {
        "text": "fin issue date ",
        "userDefined": false
      },
      {
        "text": "12/10/2012",
        "alias": "date",
        "meta": "@sys.date",
        "userDefined": false
      }
    ],
    "isTemplate": false,
    "count": 0,
    "updated": 0
  },
  {
    "id": "29c64666-5383-4a35-be40-c7c1de5d3825",
    "data": [
      {
        "text": "nric issue ",
        "userDefined": false
      },
      {
        "text": "12/12/2012",
        "alias": "date",
        "meta": "@sys.date",
        "userDefined": false
      }
    ],
    "isTemplate": false,
    "count": 0,
    "updated": 0
  },
  {
    "id": "ce580b22-3152-4bca-9bf2-453b71026568",
    "data": [
      {
        "text": "nric date ",
        "userDefined": false
      },
      {
        "text": "12/12/95",
        "alias": "date",
        "meta": "@sys.date",
        "userDefined": false
      }
    ],
    "isTemplate": false,
    "count": 0,
    "updated": 0
  }
]