[
  {
    "id": "3d95af18-ef0f-4caf-b636-108d8eb9023e",
    "data": [
      {
        "text": "NRIC ",
        "userDefined": false
      },
      {
        "text": "G1933660R",
        "alias": "NRIC",
        "meta": "@NRIC",
        "userDefined": true
      }
    ],
    "isTemplate": false,
    "count": 0,
    "updated": 0
  },
  {
    "id": "342cfd4b-b24b-4b81-b3e6-05a253c1a851",
    "data": [
      {
        "text": "NRIC ",
        "userDefined": false
      },
      {
        "text": "G1933660P",
        "alias": "NRIC",
        "meta": "@NRIC",
        "userDefined": true
      }
    ],
    "isTemplate": false,
    "count": 0,
    "updated": 0
  },
  {
    "id": "62ab2194-043b-4c30-8f9f-e94fd157e9c7",
    "data": [
      {
        "text": "nric ",
        "userDefined": false
      },
      {
        "text": "T1934770T",
        "alias": "NRIC",
        "meta": "@NRIC",
        "userDefined": true
      }
    ],
    "isTemplate": false,
    "count": 0,
    "updated": 0
  }
]