[
  {
    "id": "e3404240-b837-4347-b4d8-1d60a3e20413",
    "data": [
      {
        "text": "prev address ",
        "userDefined": false
      },
      {
        "text": "34, Dialog County, USA",
        "alias": "address",
        "meta": "@sys.address",
        "userDefined": true
      }
    ],
    "isTemplate": false,
    "count": 0,
    "updated": 0
  },
  {
    "id": "eff6874d-7cdb-469d-a892-88c0f75355c8",
    "data": [
      {
        "text": "old address ",
        "userDefined": false
      },
      {
        "text": "34, Dialog County, USA",
        "alias": "address",
        "meta": "@sys.address",
        "userDefined": true
      }
    ],
    "isTemplate": false,
    "count": 0,
    "updated": 0
  }
]