[
  {
    "id": "c5dbb791-8e36-4391-b64e-5ba5e4a3a2f1",
    "data": [
      {
        "text": "option ",
        "userDefined": false
      },
      {
        "text": "2",
        "alias": "number",
        "meta": "@sys.number",
        "userDefined": false
      }
    ],
    "isTemplate": false,
    "count": 0,
    "updated": 0
  },
  {
    "id": "5ec44089-1732-47fb-956c-b7221314cd8c",
    "data": [
      {
        "text": "option ",
        "userDefined": false
      },
      {
        "text": "1",
        "alias": "number",
        "meta": "@sys.number",
        "userDefined": false
      }
    ],
    "isTemplate": false,
    "count": 0,
    "updated": 0
  }
]