[
  {
    "id": "cf485943-1b2d-4f89-bda6-abcef39d5a03",
    "data": [
      {
        "text": "contact ",
        "userDefined": false
      },
      {
        "text": "83966518",
        "alias": "phone-number",
        "meta": "@sys.phone-number",
        "userDefined": true
      }
    ],
    "isTemplate": false,
    "count": 0,
    "updated": 0
  },
  {
    "id": "b6f1ee1f-3075-4566-861f-4f7d0732124f",
    "data": [
      {
        "text": "phone ",
        "userDefined": false
      },
      {
        "text": "83966518",
        "alias": "phone-number",
        "meta": "@sys.phone-number",
        "userDefined": true
      }
    ],
    "isTemplate": false,
    "count": 0,
    "updated": 0
  }
]