[
  {
    "id": "3eef1b76-004a-4a80-bd8a-7667f1e2d590",
    "data": [
      {
        "text": "Race xyz",
        "userDefined": false
      }
    ],
    "isTemplate": false,
    "count": 0,
    "updated": 0
  },
  {
    "id": "53979dfe-eb49-4a77-8579-c676f45e2abb",
    "data": [
      {
        "text": "race caucasian",
        "userDefined": false
      }
    ],
    "isTemplate": false,
    "count": 0,
    "updated": 0
  },
  {
    "id": "4a83b44e-19b6-4749-aa80-6e65c8563a6b",
    "data": [
      {
        "text": "race Chinese",
        "userDefined": false
      }
    ],
    "isTemplate": false,
    "count": 0,
    "updated": 0
  },
  {
    "id": "4a0e2db7-b7e8-42ac-b9d6-761877575612",
    "data": [
      {
        "text": "RACE Indian",
        "userDefined": false
      }
    ],
    "isTemplate": false,
    "count": 0,
    "updated": 0
  }
]