[
  {
    "id": "a8e5c6b6-00a1-4d27-88e1-4d4cc973a18b",
    "data": [
      {
        "text": "relocation address ",
        "userDefined": false
      },
      {
        "text": "#04-43, 367 Science Park, 118474",
        "alias": "address",
        "meta": "@sys.address",
        "userDefined": true
      }
    ],
    "isTemplate": false,
    "count": 0,
    "updated": 0
  },
  {
    "id": "2b5540c3-35e5-41dc-8e3f-fce1057bb8f9",
    "data": [
      {
        "text": "relocation address ",
        "userDefined": false
      },
      {
        "text": "#03-23, 463 Science Park, 118797",
        "alias": "address",
        "meta": "@sys.address",
        "userDefined": true
      }
    ],
    "isTemplate": false,
    "count": 0,
    "updated": 0
  },
  {
    "id": "59a96759-e214-4e48-903f-df1f526159df",
    "data": [
      {
        "text": "new address ",
        "userDefined": false
      },
      {
        "text": "#05-24, 343 Pasir Panjang, 118797",
        "alias": "address",
        "meta": "@sys.address",
        "userDefined": true
      }
    ],
    "isTemplate": false,
    "count": 0,
    "updated": 0
  },
  {
    "id": "41827451-a072-4ed5-be93-ef241b35ae6d",
    "data": [
      {
        "text": "new address ",
        "userDefined": false
      },
      {
        "text": "#02-34,  51 Dialog County, USA",
        "alias": "address",
        "meta": "@sys.address",
        "userDefined": true
      }
    ],
    "isTemplate": false,
    "count": 0,
    "updated": 0
  }
]