[
  {
    "id": "8843c297-2fc5-456e-8a5a-9a4a29a63506",
    "data": [
      {
        "text": "relocating on ",
        "userDefined": false
      },
      {
        "text": "14/12/2019",
        "alias": "date",
        "meta": "@sys.date",
        "userDefined": true
      }
    ],
    "isTemplate": false,
    "count": 0,
    "updated": 0
  },
  {
    "id": "c639ab93-a23f-4114-8b4b-13618d06641a",
    "data": [
      {
        "text": "move in date ",
        "userDefined": false
      },
      {
        "text": "14/12/2019",
        "alias": "date",
        "meta": "@sys.date",
        "userDefined": false
      }
    ],
    "isTemplate": false,
    "count": 0,
    "updated": 0
  },
  {
    "id": "e0843c73-2395-45af-94c4-bbbdc961fc2d",
    "data": [
      {
        "text": "moving in ",
        "userDefined": false
      },
      {
        "text": "on 13/12/2019",
        "alias": "date",
        "meta": "@sys.date",
        "userDefined": false
      }
    ],
    "isTemplate": false,
    "count": 0,
    "updated": 0
  },
  {
    "id": "45c4ccfd-282d-4402-8852-4d92b33d54f7",
    "data": [
      {
        "text": "move in date ",
        "userDefined": false
      },
      {
        "text": "12/12/2010",
        "alias": "date",
        "meta": "@sys.date",
        "userDefined": false
      }
    ],
    "isTemplate": false,
    "count": 0,
    "updated": 0
  },
  {
    "id": "586ba8e5-8c02-4859-bf06-c9547ca4018d",
    "data": [
      {
        "text": "relocate date ",
        "userDefined": false
      },
      {
        "text": "14/12/95",
        "alias": "date",
        "meta": "@sys.date",
        "userDefined": false
      }
    ],
    "isTemplate": false,
    "count": 0,
    "updated": 0
  },
  {
    "id": "514a46ca-7106-4b27-a02e-561f571ff1a0",
    "data": [
      {
        "text": "relocation date ",
        "userDefined": false
      },
      {
        "text": "14/12/95",
        "alias": "date",
        "meta": "@sys.date",
        "userDefined": false
      }
    ],
    "isTemplate": false,
    "count": 0,
    "updated": 0
  }
]