[
  {
    "id": "220e1b96-5313-4e32-9ac7-fa82d79d4bd8",
    "data": [
      {
        "text": "salutation ",
        "userDefined": false
      },
      {
        "text": "MRS",
        "alias": "salutation",
        "meta": "@salutation",
        "userDefined": false
      }
    ],
    "isTemplate": false,
    "count": 0,
    "updated": 0
  },
  {
    "id": "252a9d2e-af64-4d48-b4df-f93cc737d78d",
    "data": [
      {
        "text": "salutation ",
        "userDefined": false
      },
      {
        "text": "MR",
        "alias": "salutation",
        "meta": "@salutation",
        "userDefined": false
      }
    ],
    "isTemplate": false,
    "count": 0,
    "updated": 0
  }
]