[
  {
    "id": "2eaf41cf-a6e0-4ec7-a93e-27cf55db93f9",
    "data": [
      {
        "text": "what my status",
        "userDefined": false
      }
    ],
    "isTemplate": false,
    "count": 0,
    "updated": 0
  },
  {
    "id": "290a4057-5fb7-49c0-9c5f-2a89377216f1",
    "data": [
      {
        "text": "status of process",
        "userDefined": false
      }
    ],
    "isTemplate": false,
    "count": 0,
    "updated": 0
  },
  {
    "id": "061ad600-7877-4e5b-bb12-5d1e43fb4868",
    "data": [
      {
        "text": "status of form",
        "userDefined": false
      }
    ],
    "isTemplate": false,
    "count": 0,
    "updated": 0
  },
  {
    "id": "f3588476-3470-4f70-8d77-3a4af6570fcb",
    "data": [
      {
        "text": "whats the status",
        "userDefined": false
      }
    ],
    "isTemplate": false,
    "count": 0,
    "updated": 0
  },
  {
    "id": "30e695b8-68dd-44a0-89d2-bedaeb8f07f9",
    "data": [
      {
        "text": "status",
        "userDefined": false
      }
    ],
    "isTemplate": false,
    "count": 0,
    "updated": 0
  }
]