[
  {
    "id": "df1413f7-e815-4587-82eb-c5f058d215b2",
    "data": [
      {
        "text": "start",
        "userDefined": false
      }
    ],
    "isTemplate": false,
    "count": 0,
    "updated": 0
  },
  {
    "id": "680abc6e-1d17-4525-947d-31b13e453e88",
    "data": [
      {
        "text": "submit form",
        "userDefined": false
      }
    ],
    "isTemplate": false,
    "count": 0,
    "updated": 0
  },
  {
    "id": "f6994348-75fd-4bbe-a925-671ff16dfb62",
    "data": [
      {
        "text": "submit",
        "userDefined": false
      }
    ],
    "isTemplate": false,
    "count": 0,
    "updated": 0
  }
]